{
  "Logistic Regression": {
    "Accuracy": 0.7391613361762616,
    "Precision": 0.5059625212947189,
    "Recall": 0.7941176470588235,
    "F1-Score": 0.6181061394380853,
    "AUC": 0.8389729824870193,
    "Log Loss": 0.4947951126900579,
    "Accuracy_opt": 0.7448471926083866,
    "Precision_opt": 0.5131810193321616,
    "Recall_opt": 0.7807486631016043,
    "F1-Score_opt": 0.6193001060445387,
    "Optimal_Threshold": 0.5225090830927117,
    "Validation_F1_opt": 0.6439616195059753
  },
  "KNN": {
    "Accuracy": 0.7235252309879175,
    "Precision": 0.48713550600343053,
    "Recall": 0.7593582887700535,
    "F1-Score": 0.593521421107628,
    "AUC": 0.8092674366235098,
    "Log Loss": 0.7512841197338785,
    "Accuracy_opt": 0.751954513148543,
    "Precision_opt": 0.525879917184265,
    "Recall_opt": 0.679144385026738,
    "F1-Score_opt": 0.5927654609101517,
    "Optimal_Threshold": 0.5916666666666667,
    "Validation_F1_opt": 0.6217093730792062
  },
  "Decision Tree": {
    "Accuracy": 0.7476901208244492,
    "Precision": 0.5179584120982986,
    "Recall": 0.732620320855615,
    "F1-Score": 0.6068660022148394,
    "AUC": 0.8232912807823121,
    "Log Loss": 0.5269863224477158,
    "Accuracy_opt": 0.7768301350390903,
    "Precision_opt": 0.5717703349282297,
    "Recall_opt": 0.6390374331550802,
    "F1-Score_opt": 0.6035353535353535,
    "Optimal_Threshold": 0.5802708918159392,
    "Validation_F1_opt": 0.6245466294817652
  },
  "Random Forest": {
    "Accuracy": 0.7647476901208244,
    "Precision": 0.5412667946257198,
    "Recall": 0.7540106951871658,
    "F1-Score": 0.6301675977653631,
    "AUC": 0.8371507627956577,
    "Log Loss": 0.47019328617557393,
    "Accuracy_opt": 0.7647476901208244,
    "Precision_opt": 0.5412667946257198,
    "Recall_opt": 0.7540106951871658,
    "F1-Score_opt": 0.6301675977653631,
    "Optimal_Threshold": 0.4984099977864497,
    "Validation_F1_opt": 0.6443329440115202
  },
  "Ensemble Voting": {
    "Accuracy": 0.7533759772565742,
    "Precision": 0.5243243243243243,
    "Recall": 0.7780748663101604,
    "F1-Score": 0.6264800861141012,
    "AUC": 0.8374380730026763,
    "Log Loss": 0.48601280320412255,
    "Accuracy_opt": 0.775408670931059,
    "Precision_opt": 0.5591836734693878,
    "Recall_opt": 0.732620320855615,
    "F1-Score_opt": 0.6342592592592593,
    "Optimal_Threshold": 0.5636944672079272,
    "Validation_F1_opt": 0.6498742715458815
  },
  "_kfold_details": {
    "Logistic Regression": {
      "fold_f1": [
        0.6463576111102496,
        0.6379084919703022,
        0.6311688264183168,
        0.6571428522490206,
        0.6472303157819872
      ],
      "avg_f1": 0.6439616195059753,
      "std_f1": 0.008837035200627662,
      "avg_threshold": 0.5225090830927117
    },
    "KNN": {
      "fold_f1": [
        0.6305818625703828,
        0.6059782560453465,
        0.6101190426796788,
        0.6339285664892026,
        0.6279391376114202
      ],
      "avg_f1": 0.6217093730792062,
      "std_f1": 0.011389850968225802,
      "avg_threshold": 0.5916666666666667
    },
    "Decision Tree": {
      "fold_f1": [
        0.6240713174989458,
        0.6258148583457451,
        0.6153846105440541,
        0.6180257461773514,
        0.6394366148427297
      ],
      "avg_f1": 0.6245466294817652,
      "std_f1": 0.008366725764203588,
      "avg_threshold": 0.5802708918159392
    },
    "Random Forest": {
      "fold_f1": [
        0.6492434614572901,
        0.6355685082018123,
        0.6397694475452417,
        0.6531204595284389,
        0.6439628433248187
      ],
      "avg_f1": 0.6443329440115202,
      "std_f1": 0.006310489998784884,
      "avg_threshold": 0.4984099977864497
    },
    "Ensemble Voting": {
      "fold_f1": [
        0.651718978613865,
        0.6429629580280275,
        0.6363636314769902,
        0.6616541303891007,
        0.6566716592214238
      ],
      "avg_f1": 0.6498742715458815,
      "std_f1": 0.009150695573098864,
      "avg_threshold": 0.5636944672079272
    }
  },
  "_champion": "Random Forest",
  "_optimal_thresholds": {
    "Logistic Regression": 0.5225090830927117,
    "KNN": 0.5916666666666667,
    "Decision Tree": 0.5802708918159392,
    "Random Forest": 0.4984099977864497,
    "Ensemble Voting": 0.5636944672079272
  },
  "_champion_basis": "highest held-out test F1 at K-fold averaged threshold"
}